mutation,chain,position,original_aa,ddg,total_score
A39W,A,39,W,3.305210593767192,-47.66246903814049
A22Y,A,22,Y,2.8508559361419743,-50.08864924967769
A42Y,A,42,Y,2.7589703702552715,-44.89406414602372
A126W,A,126,W,2.6838775785712126,-45.61277396115789
A148K,A,148,K,2.56101615807391,-46.83151127548466
A38F,A,38,F,2.5461770161383486,-45.94852363702361
A12R,A,12,R,2.544601566309785,-47.794062884420015
A151H,A,151,H,2.437390810941186,-46.01391129823209
A145R,A,145,R,2.3959598583603503,-46.30540735038447
A153Y,A,153,Y,2.3905057467866877,-48.33584536251269
A32F,A,32,F,2.3479789048581114,-48.11583965891871
A141D,A,141,D,2.3345981036680983,-46.714523362854884
A9W,A,9,W,2.308748800829513,-48.534682493031944
A4Y,A,4,Y,2.26087574590774,-48.09032968951603
A31E,A,31,E,2.259202550633996,-46.343877270691706
A68W,A,68,W,2.25063588404554,-47.29704310245405
A132D,A,132,D,2.225244942677671,-50.575652846209955
A10Y,A,10,Y,2.212571519378447,-47.31605748172864
A5K,A,5,K,2.1925177450943885,-46.65633016117624
A36E,A,36,E,2.181989180613447,-45.783650776530315
A28K,A,28,K,2.176101357265,-50.468458875779106
A140R,A,140,R,2.1684443152792903,-48.80895620612944
A13R,A,13,R,2.1470591205038385,-49.99006315881635
A47R,A,47,R,2.1182940441558022,-47.34603709857658
A3R,A,3,R,2.075003152965951,-45.640452062422014
A18R,A,18,R,2.0428049242231996,-48.39473570046672
A6F,A,6,F,2.036469808216318,-47.149690126404735
A24D,A,24,D,2.012996390104858,-47.729951188110185
A79W,A,79,W,1.9875043164614083,-48.76770916471289
A62D,A,62,D,1.983319648585141,-47.75481363216711
A60F,A,60,F,1.9818576498778895,-49.22155825395454
A27K,A,27,K,1.93015558046886,-46.48416108020276
A157Y,A,157,Y,1.8876145663611852,-49.64896689564025
A118F,A,118,F,1.827628278857213,-47.59439565154953
A155M,A,155,M,1.8210393522972272,-47.017009567558766
A29M,A,29,M,1.784383257323098,-48.79324016330138
A128R,A,128,R,1.7683557972271629,-47.093190372032936
A44H,A,44,H,1.7656826100756793,-48.68282841562312
A133H,A,133,H,1.7565084755793299,-50.662565331205144
A144K,A,144,K,1.7432043531177834,-48.428900309082564
A50L,A,50,L,1.6900706071880465,-47.81680272832243
A59F,A,59,F,1.6896423658014919,-48.941325618346546
A154V,A,154,V,1.6765238149190869,-49.38498038350909
A156E,A,156,E,1.6712653639451474,-48.41802267014756
A117R,A,117,R,1.637555553605537,-50.23105261446244
A70D,A,70,D,1.5955178887248658,-47.276582562244975
A61K,A,61,K,1.5955173147717672,-47.79840640000642
A92W,A,92,W,1.5507243308013547,-48.10089512345714
A94D,A,94,D,1.5397645851665045,-47.749486033465814
A23E,A,23,E,1.5122879584477051,-48.19242018774861
A45L,A,45,L,1.5076345838403025,-51.47371878806104
A58H,A,58,H,1.502018755262611,-48.84986194480011
A91F,A,91,F,1.483041540001821,-47.99728614575272
A90R,A,90,R,1.428716206145917,-48.125806784004304
A56D,A,56,D,1.4230625771258327,-50.77220984507235
A121D,A,121,D,1.4102835370187403,-47.74853967342891
A146H,A,146,H,1.397094458547264,-49.104657395214154
A57L,A,57,L,1.3923281675626888,-48.21608892416748
A120E,A,120,E,1.3917256413442836,-50.32272980540166
A2L,A,2,L,1.384954275896228,-48.82244217586055
A41C,A,41,C,1.3746273922425367,-46.31831775805851
A147L,A,147,L,1.3727564235451506,-49.60723742531542
A122I,A,122,I,1.3648017465427915,-47.05449517540486
A69E,A,69,E,1.352992788369634,-50.40002426805967
A8I,A,8,I,1.3010967344316648,-51.56882363255503
A137M,A,137,M,1.2948184521767339,-47.68578492442125
A48S,A,48,S,1.2852154813381964,-49.49218984607227
A74C,A,74,C,1.2618874510082816,-50.840889143180135
A83F,A,83,F,1.2574337916538612,-49.22565848265465
A51L,A,51,L,1.2418380771307986,-47.988260773199165
A85K,A,85,K,1.238643088431519,-46.80064278014484
A127N,A,127,N,1.2042270767587806,-47.81868604628252
A139L,A,139,L,1.2035450166235477,-48.471767099003486
A97L,A,97,L,1.1909819207542045,-50.04004155677336
A136V,A,136,V,1.1675180110702212,-50.44909915582374
A65R,A,65,R,1.1659432627640292,-48.87382755040979
A64I,A,64,I,1.158001649885728,-48.953667223763524
A143I,A,143,I,1.1530135210487495,-47.56833647675692
A149L,A,149,L,1.1527559569979158,-47.470451122419924
A125V,A,125,V,1.1445605409275472,-43.07634222309037
A114L,A,114,L,1.143724492036914,-48.965518876948394
A67L,A,67,L,1.143584353179884,-45.16155247809219
A99L,A,99,L,1.139127733788641,-48.241700875806615
A93E,A,93,E,1.1387972445481085,-49.932729882491444
A21S,A,21,S,1.1289223510057,-50.70234312395083
A20Q,A,20,Q,1.1231479984767518,-50.463418394957095
A105D,A,105,D,1.1222547525598372,-47.63697037388612
A25N,A,25,N,1.1215313625095362,-49.3301241808744
A30V,A,30,V,1.0961718958894286,-47.98631367084927
A82R,A,82,R,1.0823030897550776,-46.59279530271861
A106D,A,106,D,1.0543482418293335,-46.7653506424347
A109I,A,109,I,1.0434746918681668,-50.242261642756255
A33S,A,33,S,1.008720685396392,-47.52796162392007
A73N,A,73,N,1.0058771889758753,-50.358203993216236
A108D,A,108,D,0.9960418652550983,-44.92370438486047
A26I,A,26,I,0.9744176040774455,-50.10534870851462
A78K,A,78,K,0.9727113460524862,-49.87673524835167
A35V,A,35,V,0.9632952918603725,-50.831014644260634
A100V,A,100,V,0.9589407655994054,-46.19586976041967
A19N,A,19,N,0.9391102026243118,-46.28247252061228
A102D,A,102,D,0.9375413986214912,-50.193062847914746
A75N,A,75,N,0.9217355720796483,-45.79258098920538
A34T,A,34,T,0.8942472831550055,-49.38424118184072
A17V,A,17,V,0.8800860483153969,-48.55636692416609
A134Q,A,134,Q,0.8677299188296514,-47.4988441857193
A104L,A,104,L,0.8588258111165136,-48.62944622665852
A124S,A,124,S,0.8370618055709236,-48.39225926806076
A53S,A,53,S,0.8282496784752874,-47.71878283572538
A87V,A,87,V,0.7974490650069923,-48.029816627327044
A14T,A,14,T,0.791297427579491,-49.042318687855705
A84S,A,84,S,0.7610242530040474,-51.08527222164689
A113V,A,113,V,0.755446490212942,-48.173552768648925
A116V,A,116,V,0.7266648605557664,-47.988736947959026
A129N,A,129,N,0.7129838042222669,-49.64224410588774
A55T,A,55,T,0.6809827099293538,-49.8105105099673
A11T,A,11,T,0.6530377122869949,-51.46541783971594
A123I,A,123,I,0.6428778596915422,-50.763859700181136
A7S,A,7,S,0.6329832317219061,-50.06561139863348
A131S,A,131,S,0.6097595739495524,-49.26742921697096
A49S,A,49,S,0.5913825065802896,-50.16125305879652
A96L,A,96,L,0.548976239750901,-48.27039685463542
A119N,A,119,N,0.5465379691248302,-49.222874371956884
A81I,A,81,I,0.5210955519215243,-48.7685158021257
A95L,A,95,L,0.4828635468080693,-48.53230604024119
A110C,A,110,C,0.46707015291054876,-48.80922122422467
A43C,A,43,C,0.46514610601262607,-48.30200013742454
A103Q,A,103,Q,0.3885886779157928,-50.835126749532364
A80I,A,80,I,0.385056147228544,-49.51209939056241
A115S,A,115,S,0.33922327830463417,-51.93304755872416
A142S,A,142,S,0.24554072242915181,-49.47477780541671
A86V,A,86,V,0.2429052486067953,-49.48014396359475
A88S,A,88,S,0.12907835121977695,-51.85160656840664
