chain,position,original_aa,mutation
A,2,L,A2L
A,3,R,A3R
A,4,Y,A4Y
A,5,K,A5K
A,6,F,A6F
A,7,S,A7S
A,8,I,A8I
A,9,W,A9W
A,10,Y,A10Y
A,11,T,A11T
A,12,R,A12R
A,13,R,A13R
A,14,T,A14T
A,17,V,A17V
A,18,R,A18R
A,19,N,A19N
A,20,Q,A20Q
A,21,S,A21S
A,22,Y,A22Y
A,23,E,A23E
A,24,D,A24D
A,25,N,A25N
A,26,I,A26I
A,27,K,A27K
A,28,K,A28K
A,29,M,A29M
A,30,V,A30V
A,31,E,A31E
A,32,F,A32F
A,33,S,A33S
A,34,T,A34T
A,35,V,A35V
A,36,E,A36E
A,38,F,A38F
A,39,W,A39W
A,41,C,A41C
A,42,Y,A42Y
A,43,C,A43C
A,44,H,A44H
A,45,L,A45L
A,47,R,A47R
A,48,S,A48S
A,49,S,A49S
A,50,L,A50L
A,51,L,A51L
A,53,S,A53S
A,55,T,A55T
A,56,D,A56D
A,57,L,A57L
A,58,H,A58H
A,59,F,A59F
A,60,F,A60F
A,61,K,A61K
A,62,D,A62D
A,64,I,A64I
A,65,R,A65R
A,67,L,A67L
A,68,W,A68W
A,69,E,A69E
A,70,D,A70D
A,73,N,A73N
A,74,C,A74C
A,75,N,A75N
A,78,K,A78K
A,79,W,A79W
A,80,I,A80I
A,81,I,A81I
A,82,R,A82R
A,83,F,A83F
A,84,S,A84S
A,85,K,A85K
A,86,V,A86V
A,87,V,A87V
A,88,S,A88S
A,90,R,A90R
A,91,F,A91F
A,92,W,A92W
A,93,E,A93E
A,94,D,A94D
A,95,L,A95L
A,96,L,A96L
A,97,L,A97L
A,99,L,A99L
A,100,V,A100V
A,102,D,A102D
A,103,Q,A103Q
A,104,L,A104L
A,105,D,A105D
A,106,D,A106D
A,108,D,A108D
A,109,I,A109I
A,110,C,A110C
A,113,V,A113V
A,114,L,A114L
A,115,S,A115S
A,116,V,A116V
A,117,R,A117R
A,118,F,A118F
A,119,N,A119N
A,120,E,A120E
A,121,D,A121D
A,122,I,A122I
A,123,I,A123I
A,124,S,A124S
A,125,V,A125V
A,126,W,A126W
A,127,N,A127N
A,128,R,A128R
A,129,N,A129N
A,131,S,A131S
A,132,D,A132D
A,133,H,A133H
A,134,Q,A134Q
A,136,V,A136V
A,137,M,A137M
A,139,L,A139L
A,140,R,A140R
A,141,D,A141D
A,142,S,A142S
A,143,I,A143I
A,144,K,A144K
A,145,R,A145R
A,146,H,A146H
A,147,L,A147L
A,148,K,A148K
A,149,L,A149L
A,151,H,A151H
A,153,Y,A153Y
A,154,V,A154V
A,155,M,A155M
A,156,E,A156E
A,157,Y,A157Y
